{"projection_matrix": [[2.171417445260447, -0.22182943488895498, 1092.859688614165], [0.06587496339798572, 1.8466923035941802, 958.8915325125336], [-1.255031912848522e-05, -0.00016206388653104069, 3.129670907372171]], "poolFocus_matrix": [[1.4022569267923668, -0.10567733361333763, -328.4329593317601], [0.024108172345794814, 1.4629277309834574, -137.47356532384774], [-1.1729584314115712e-05, -7.788999406347852e-05, 1.0]], "detected_coords": [[475, 339], [406, 542], [1145, 353], [1130, 595]], "pool_coords": [[241, 90], [293, 780], [1576, 68], [1555, 750]], "screen_coords": [[0, 0], [0, 1080], [1920, 0], [1920, 1080]]}