{
    "projection_matrix": [
        [
            0.832699698461712,
            0.01765657777340158,
            92.33017654631192
        ],
        [
            -0.0011949693067106442,
            0.7447466056824041,
            229.08359459409098
        ],
        [
            -5.819935223522681e-06,
            1.7211177024525526e-05,
            0.9802282291268551
        ]
    ],
    "poolFocus_matrix": [
        [
            2.447841907406317,
            0.4482583026130062,
            -1245.3846159576874
        ],
        [
            0.2837580385184829,
            3.112562401893459,
            -1093.1529779973266
        ],
        [
            0.00013408898083705172,
            0.0006130850347829531,
            1.0
        ]
    ],
    "detected_coords": [
        [
            657,
            446
        ],
        [
            637,
            655
        ],
        [
            1254,
            429
        ],
        [
            1336,
            644
        ]
    ],
    "pool_coords": [
        [
            452,
            310
        ],
        [
            350,
            867
        ],
        [
            1516,
            213
        ],
        [
            1708,
            790
        ]
    ],
    "screen_coords": [
        [
            0,
            0
        ],
        [
            0,
            1080
        ],
        [
            1920,
            0
        ],
        [
            1920,
            1080
        ]
    ],
    "projected_coords": [
        [
            450,
            500
        ],
        [
            450,
            800
        ],
        [
            1300,
            550
        ],
        [
            1350,
            850
        ]
    ],
    "camera_distortion": [
        [
            0.9849365949630737,
            -0.0036669536493718624,
            -2.3053693771362305
        ],
        [
            0.004036493133753538,
            0.986309826374054,
            11.231473922729492
        ],
        [
            -1.588228769833222e-06,
            7.315317702705215e-07,
            1.0
        ]
    ],
    "outpts": [
        [
            -852.0,
            -293.0
        ],
        [
            -838.0,
            495.0
        ],
        [
            773.0,
            -287.0
        ],
        [
            756.0,
            510.0
        ]
    ]
}