{
    "projection_matrix": [
        [
            0.6632288421525624,
            -0.012470915214545256,
            264.7061123630874
        ],
        [
            0.008476163459670479,
            0.5781299464246146,
            331.3760962065388
        ],
        [
            -7.160052308099336e-06,
            1.8848687235203701e-06,
            0.9380952163441303
        ]
    ],
    "poolFocus_matrix": [
        [
            2.357512087990864,
            0.5258722615934257,
            -1311.347158630412
        ],
        [
            0.11996007615004589,
            3.15587277256275,
            -967.9117159638945
        ],
        [
            6.179777461907428e-05,
            0.0006237137342760922,
            1.0
        ]
    ],
    "detected_coords": [
        [
            602,
            378
        ],
        [
            571,
            608
        ],
        [
            1267,
            379
        ],
        [
            1356,
            613
        ]
    ],
    "pool_coords": [
        [
            492,
            288
        ],
        [
            374,
            817
        ],
        [
            1518,
            249
        ],
        [
            1680,
            789
        ]
    ],
    "screen_coords": [
        [
            0,
            0
        ],
        [
            0,
            1080
        ],
        [
            1920,
            0
        ],
        [
            1920,
            1080
        ]
    ],
    "projected_coords": [
        [
            450,
            500
        ],
        [
            450,
            800
        ],
        [
            1300,
            550
        ],
        [
            1350,
            850
        ]
    ],
    "camera_distortion": [
        [
            0.9849365949630737,
            -0.0036669536493718624,
            -2.3053693771362305
        ],
        [
            0.004036493133753538,
            0.986309826374054,
            11.231473922729492
        ],
        [
            -1.588228769833222e-06,
            7.315317702705215e-07,
            1.0
        ]
    ],
    "outpts": [
        [
            -668.0,
            -172.0
        ],
        [
            -685.0,
            482.0
        ],
        [
            692.0,
            -150.0
        ],
        [
            671.0,
            511.0
        ]
    ]
}