{
    "projection_matrix": [
        [
            0.6522440669531567,
            -0.0004709332173495695,
            259.43702786901764
        ],
        [
            0.00040896223057808974,
            0.5850138075517873,
            333.8136573310087
        ],
        [
            -1.2114883697404587e-05,
            4.347390816726956e-06,
            0.9401095185326007
        ]
    ],
    "poolFocus_matrix": [
        [
            2.411279294300097,
            0.47770627528586834,
            -1312.3501298817632
        ],
        [
            0.15497985520986127,
            3.1553898520727763,
            -987.3828567362347
        ],
        [
            7.920957589754578e-05,
            0.0006143501946470908,
            1.0
        ]
    ],
    "detected_coords": [
        [
            602,
            377
        ],
        [
            572,
            606
        ],
        [
            1267,
            376
        ],
        [
            1356,
            609
        ]
    ],
    "pool_coords": [
        [
            487,
            289
        ],
        [
            382,
            819
        ],
        [
            1505,
            239
        ],
        [
            1674,
            783
        ]
    ],
    "screen_coords": [
        [
            0,
            0
        ],
        [
            0,
            1080
        ],
        [
            1920,
            0
        ],
        [
            1920,
            1080
        ]
    ],
    "projected_coords": [
        [
            450,
            500
        ],
        [
            450,
            800
        ],
        [
            1300,
            550
        ],
        [
            1350,
            850
        ]
    ],
    "camera_distortion": [
        [
            0.9849365949630737,
            -0.0036669536493718624,
            -2.3053693771362305
        ],
        [
            0.004036493133753538,
            0.986309826374054,
            11.231473922729492
        ],
        [
            -1.588228769833222e-06,
            7.315317702705215e-07,
            1.0
        ]
    ],
    "outpts": [
        [
            -674.0,
            -172.0
        ],
        [
            -678.0,
            486.0
        ],
        [
            677.0,
            -160.0
        ],
        [
            665.0,
            512.0
        ]
    ]
}